{
  "version": 1,
  "camera_pose": {
    "matrix": [
      [
        -0.99933658,
        -0.03624883,
        0.00352581,
        0.03316422
      ],
      [
        0.03631033,
        -0.99915405,
        0.01930635,
        0.08138629
      ],
      [
        0.00282299,
        0.01942157,
        0.9998074,
        0.01974935
      ],
      [
        0.0,
        0.0,
        0.0,
        1.0
      ]
    ]
  },
  "depth_scale": {
    "value": 0.0010000000474974513
  },
  "tool_pose": {
    "matrix": [
      [
        0.71612,
        -0.697977,
        0.000451,
        0.0029
      ],
      [
        0.697951,
        0.716099,
        0.008109,
        -0.004948
      ],
      [
        -0.005983,
        -0.005493,
        0.999967,
        0.178941
      ],
      [
        0.0,
        0.0,
        0.0,
        1.0
      ]
    ]
  }
}
